epoch,time,train/box_loss,train/seg_loss,train/cls_loss,train/dfl_loss,train/sem_loss,metrics/precision(B),metrics/recall(B),metrics/mAP50(B),metrics/mAP50-95(B),metrics/precision(M),metrics/recall(M),metrics/mAP50(M),metrics/mAP50-95(M),val/box_loss,val/seg_loss,val/cls_loss,val/dfl_loss,val/sem_loss,lr/pg0,lr/pg1,lr/pg2
1,31.0287,1.06877,1.64004,3.80265,0.85866,0,0.009,0.90639,0.14243,0.05056,0.00933,0.93986,0.21023,0.11102,0.78129,0.85847,4.07159,0.80699,0,0.00025722,0.00025722,0.00025722
2,58.8927,0.92758,1.2268,2.1652,0.82481,0,0.00426,0.42327,0.0383,0.03048,0.00807,0.80571,0.05587,0.03661,0.79228,0.96997,3.64569,0.80324,0,0.000522187,0.000522187,0.000522187
3,86.2563,0.86452,1.11221,1.5365,0.85898,0,0.00968,0.9732,0.82905,0.61669,0.00968,0.9732,0.82913,0.60462,0.88499,0.80682,3.09298,0.82813,0,0.000780434,0.000780434,0.000780434
4,114.011,0.86412,1.07614,1.25328,0.83411,0,1,0.03047,0.8376,0.64625,1,0.03047,0.8384,0.59093,0.88603,0.90595,3.05367,0.83355,0,0.00103196,0.00103196,0.00103196
5,142.139,0.84452,1.16844,1.15644,0.83596,0,1,0.69339,0.99131,0.74924,1,0.69339,0.99131,0.67628,0.86383,0.94818,2.28963,0.82735,0,0.00127677,0.00127677,0.00127677
6,177.75,0.83222,1.15809,1.16034,0.84195,0,0.99265,0.8849,0.98878,0.78261,0.99265,0.8849,0.98878,0.6929,0.78386,0.80847,2.05968,0.81986,0,0.00134058,0.00134058,0.00134058
7,206.856,0.76049,1.04924,1.05407,0.83625,0,0.95864,0.98461,0.98698,0.81362,0.96564,0.99093,0.99448,0.66498,0.7801,0.83931,1.07681,0.82348,0,0.0013229,0.0013229,0.0013229
8,234.218,0.75332,0.96917,0.97817,0.8304,0,0.98123,0.97986,0.98717,0.81505,0.98806,0.98667,0.99449,0.726,0.71633,0.78874,0.95233,0.81323,0,0.00130521,0.00130521,0.00130521
9,261.386,0.76517,0.94327,0.93429,0.83808,0,0.97023,1,0.995,0.74889,0.97023,1,0.995,0.75297,0.93124,0.80036,0.88028,0.8486,0,0.00128753,0.00128753,0.00128753
10,288.971,0.81014,1.00728,0.96049,0.82573,0,0.96391,0.9932,0.98605,0.82255,0.97061,1,0.99384,0.68399,0.68981,0.86401,0.81449,0.81549,0,0.00126985,0.00126985,0.00126985
11,323.452,0.78065,1.02364,0.92172,0.83556,0,0.9698,0.9932,0.98859,0.82436,0.97655,1,0.99474,0.73315,0.72878,0.8279,0.79479,0.81342,0,0.00125216,0.00125216,0.00125216
12,355.391,0.75999,0.9215,0.8795,0.83046,0,0.99057,1,0.995,0.8605,0.99057,1,0.995,0.72283,0.60538,0.74889,0.71561,0.80221,0,0.00123448,0.00123448,0.00123448
13,457.931,0.70316,0.94173,0.79986,0.82851,0,0.99692,0.9981,0.995,0.83273,0.99692,0.9981,0.995,0.69082,0.71799,0.86508,0.71555,0.81322,0,0.00121679,0.00121679,0.00121679
14,522.624,0.72307,0.95285,0.84206,0.8257,0,0.96714,0.9934,0.99329,0.8521,0.96714,0.9934,0.99329,0.68185,0.60931,0.81536,0.73849,0.80082,0,0.00119911,0.00119911,0.00119911
15,610.641,0.65415,0.87811,0.73423,0.81216,0,0.98269,0.99821,0.99487,0.86079,0.98269,0.99821,0.99487,0.70051,0.60237,0.74063,0.70465,0.79445,0,0.00118143,0.00118143,0.00118143
16,636.891,0.67443,0.86434,0.75816,0.81352,0,0.98555,1,0.99474,0.85116,0.98555,1,0.99474,0.72569,0.63662,0.754,0.70695,0.7989,0,0.00116374,0.00116374,0.00116374
17,663.373,0.64963,0.85785,0.70206,0.82494,0,0.98762,1,0.995,0.85232,0.98762,1,0.995,0.69583,0.60831,0.8393,0.6662,0.79838,0,0.00114606,0.00114606,0.00114606
18,693.959,0.63565,0.83151,0.7018,0.82666,0,0.99389,1,0.995,0.87673,0.99389,1,0.995,0.73337,0.54881,0.68836,0.61702,0.79437,0,0.00112837,0.00112837,0.00112837
19,727.894,0.66875,0.92939,0.71002,0.82735,0,0.99742,1,0.995,0.85516,0.99742,1,0.995,0.68402,0.69971,0.76299,0.64775,0.81299,0,0.00111069,0.00111069,0.00111069
20,761.282,0.6716,0.87813,0.67242,0.80985,0,0.99088,0.99912,0.99433,0.84885,0.99556,1,0.995,0.7043,0.63144,0.80704,0.62515,0.79845,0,0.00109301,0.00109301,0.00109301
21,794.58,0.66851,0.83485,0.6739,0.81926,0,0.9889,1,0.995,0.85847,0.9889,1,0.995,0.70841,0.61083,0.68675,0.64818,0.80035,0,0.00107532,0.00107532,0.00107532
22,825.164,0.65863,0.83084,0.6693,0.81319,0,0.9969,0.9969,0.995,0.84922,0.9969,0.9969,0.995,0.72371,0.71111,0.70492,0.64823,0.81301,0,0.00105764,0.00105764,0.00105764
23,875.102,0.6599,0.80791,0.6849,0.81946,0,0.99087,0.99893,0.995,0.87774,0.99087,0.99893,0.995,0.72306,0.58254,0.67926,0.62246,0.79334,0,0.00103995,0.00103995,0.00103995
24,988.042,0.62146,0.78678,0.64396,0.81596,0,0.9975,1,0.995,0.85435,0.9975,1,0.995,0.70073,0.64822,0.76384,0.62492,0.80543,0,0.00102227,0.00102227,0.00102227
25,1014.48,0.64812,0.90215,0.65982,0.80706,0,0.99581,0.99782,0.995,0.86934,0.99581,0.99782,0.995,0.70272,0.56746,0.68198,0.5755,0.79781,0,0.00100459,0.00100459,0.00100459
26,1040.72,0.62519,0.78944,0.62479,0.80248,0,0.9908,1,0.995,0.85857,0.9908,1,0.995,0.7057,0.63964,0.7394,0.58059,0.80244,0,0.000986903,0.000986903,0.000986903
27,1067.35,0.63411,0.83635,0.60316,0.80507,0,0.99696,1,0.995,0.87337,0.99696,1,0.995,0.73752,0.59288,0.7001,0.53944,0.79564,0,0.000969219,0.000969219,0.000969219
28,1101.84,0.58993,0.78093,0.5828,0.8045,0,0.99757,1,0.995,0.88585,0.99757,1,0.995,0.70944,0.56088,0.73153,0.53974,0.79385,0,0.000951535,0.000951535,0.000951535
29,1134.89,0.57156,0.77959,0.56959,0.79809,0,0.99762,1,0.995,0.86477,0.99762,1,0.995,0.7122,0.62836,0.76873,0.56241,0.80153,0,0.000933851,0.000933851,0.000933851
30,1167.94,0.59926,0.85788,0.58746,0.81133,0,0.99596,1,0.995,0.89158,0.99596,1,0.995,0.71178,0.54285,0.6819,0.52293,0.79224,0,0.000916168,0.000916168,0.000916168
31,1200.74,0.58095,0.77609,0.55733,0.80075,0,0.99078,0.99883,0.995,0.88699,0.99078,0.99883,0.995,0.83296,0.56445,0.74553,0.51387,0.79145,0,0.000898484,0.000898484,0.000898484
32,1233.47,0.59208,0.80453,0.55164,0.80725,0,0.99738,0.99732,0.995,0.88789,0.99738,0.99732,0.995,0.85219,0.55344,0.70474,0.52379,0.79046,0,0.0008808,0.0008808,0.0008808
33,1266.92,0.61282,0.80682,0.54208,0.80521,0,0.99558,0.99987,0.995,0.8695,0.99558,0.99987,0.995,0.84711,0.61197,0.69994,0.52571,0.79762,0,0.000863116,0.000863116,0.000863116
34,1299.77,0.61405,0.79689,0.5421,0.81472,0,0.99584,1,0.995,0.86309,0.99584,1,0.995,0.86733,0.58601,0.67637,0.51861,0.79451,0,0.000845432,0.000845432,0.000845432
35,1333.7,0.60901,0.80007,0.546,0.80742,0,0.99043,1,0.995,0.8786,0.99043,1,0.995,0.84691,0.52872,0.65058,0.49198,0.79224,0,0.000827748,0.000827748,0.000827748
36,1367.03,0.62429,0.7556,0.52489,0.80777,0,0.98853,1,0.995,0.85465,0.98853,1,0.995,0.84938,0.64001,0.70315,0.5236,0.79695,0,0.000810064,0.000810064,0.000810064
37,1400.6,0.56505,0.7283,0.50303,0.80715,0,0.98846,1,0.995,0.89268,0.98846,1,0.995,0.8482,0.48181,0.61349,0.46972,0.78381,0,0.00079238,0.00079238,0.00079238
38,1434.02,0.60146,0.82526,0.51839,0.80647,0,0.98688,1,0.995,0.88644,0.98688,1,0.995,0.8482,0.52564,0.64155,0.47097,0.78766,0,0.000774697,0.000774697,0.000774697
39,1467.43,0.57422,0.79217,0.49973,0.8015,0,0.99284,1,0.995,0.86863,0.99284,1,0.995,0.8448,0.57551,0.71608,0.47678,0.79472,0,0.000757013,0.000757013,0.000757013
40,1500.19,0.55339,0.73652,0.51162,0.79298,0,0.99439,1,0.995,0.8838,0.99439,1,0.995,0.86572,0.53985,0.62967,0.45463,0.78803,0,0.000739329,0.000739329,0.000739329
41,1533.09,0.54337,0.7597,0.48832,0.80078,0,0.99679,1,0.995,0.88059,0.99679,1,0.995,0.85833,0.54608,0.62697,0.45833,0.789,0,0.000721645,0.000721645,0.000721645
42,1565.59,0.5688,0.78985,0.50722,0.80329,0,0.99725,1,0.995,0.88798,0.99725,1,0.995,0.88321,0.53435,0.61578,0.45845,0.78759,0,0.000703961,0.000703961,0.000703961
43,1598.47,0.58911,0.78905,0.51066,0.80818,0,0.99731,1,0.995,0.87913,0.99731,1,0.995,0.86228,0.55436,0.69106,0.45779,0.79036,0,0.000686277,0.000686277,0.000686277
44,1631.54,0.55478,0.71573,0.47819,0.79771,0,0.99673,1,0.995,0.88934,0.99673,1,0.995,0.86611,0.51755,0.58415,0.45009,0.78712,0,0.000668593,0.000668593,0.000668593
45,1665.37,0.55073,0.7732,0.47989,0.79756,0,0.9969,1,0.995,0.87252,0.9969,1,0.995,0.85329,0.57674,0.64924,0.44881,0.78889,0,0.000650909,0.000650909,0.000650909
46,1698.42,0.523,0.72385,0.46657,0.79253,0,0.99737,1,0.995,0.89275,0.99737,1,0.995,0.87434,0.53334,0.65194,0.44287,0.78662,0,0.000633226,0.000633226,0.000633226
47,1726.33,0.52379,0.70515,0.47184,0.79833,0,0.99816,1,0.995,0.90182,0.99816,1,0.995,0.86579,0.47267,0.60751,0.42584,0.77913,0,0.000615542,0.000615542,0.000615542
48,1759.36,0.50915,0.71942,0.44941,0.79117,0,0.99745,1,0.995,0.89482,0.99745,1,0.995,0.86943,0.52845,0.57527,0.44012,0.78462,0,0.000597858,0.000597858,0.000597858
49,1791.71,0.49313,0.67012,0.44831,0.78897,0,0.99753,0.9932,0.99487,0.89955,0.99664,1,0.995,0.85102,0.47628,0.58884,0.43069,0.78279,0,0.000580174,0.000580174,0.000580174
50,1825.02,0.51192,0.70815,0.47035,0.79727,0,0.99462,1,0.995,0.89246,0.99462,1,0.995,0.85947,0.52414,0.57444,0.43692,0.78461,0,0.00056249,0.00056249,0.00056249
51,1858.42,0.51926,0.70885,0.45175,0.79228,0,0.99393,0.9991,0.995,0.89295,0.99393,0.9991,0.995,0.85756,0.50011,0.61827,0.41717,0.78229,0,0.000544806,0.000544806,0.000544806
52,1891.03,0.49905,0.65641,0.4473,0.79789,0,0.99632,1,0.995,0.90388,0.99632,1,0.995,0.85429,0.47932,0.58346,0.40916,0.78087,0,0.000527122,0.000527122,0.000527122
53,1923.58,0.49296,0.67987,0.44645,0.7884,0,0.99736,1,0.995,0.90411,0.99736,1,0.995,0.84883,0.4571,0.57811,0.40966,0.77926,0,0.000509438,0.000509438,0.000509438
54,1955.8,0.50815,0.65214,0.43925,0.78971,0,0.9961,1,0.995,0.9071,0.9961,1,0.995,0.86637,0.45288,0.55764,0.39731,0.7784,0,0.000491755,0.000491755,0.000491755
55,1987.56,0.49299,0.64304,0.42786,0.79489,0,0.99451,1,0.995,0.9078,0.99451,1,0.995,0.86485,0.44959,0.53224,0.40297,0.77836,0,0.000474071,0.000474071,0.000474071
56,2020.32,0.48964,0.67188,0.43206,0.7926,0,0.99355,1,0.995,0.90552,0.99355,1,0.995,0.87248,0.44781,0.54928,0.39741,0.77803,0,0.000456387,0.000456387,0.000456387
57,2053.49,0.48607,0.68497,0.43144,0.78419,0,0.99543,1,0.995,0.89921,0.99543,1,0.995,0.86824,0.49757,0.56151,0.39886,0.7821,0,0.000438703,0.000438703,0.000438703
58,2086.91,0.51726,0.69118,0.42794,0.79828,0,0.99636,1,0.995,0.9066,0.99636,1,0.995,0.86046,0.44931,0.53548,0.3953,0.77909,0,0.000421019,0.000421019,0.000421019
59,2119.99,0.48323,0.65058,0.41411,0.78884,0,0.99764,1,0.995,0.90512,0.99764,1,0.995,0.85348,0.4506,0.55239,0.39762,0.78002,0,0.000403335,0.000403335,0.000403335
60,2151.63,0.47033,0.66137,0.41575,0.78945,0,0.99526,1,0.995,0.90088,0.99526,1,0.995,0.88057,0.49683,0.56057,0.39117,0.78061,0,0.000385651,0.000385651,0.000385651
61,2180.92,0.47108,0.68315,0.41619,0.80083,0,0.99498,1,0.995,0.90313,0.99498,1,0.995,0.87413,0.48201,0.56784,0.39631,0.77778,0,0.000367967,0.000367967,0.000367967
62,2213.68,0.48669,0.62089,0.40891,0.79154,0,0.99634,1,0.995,0.9067,0.99634,1,0.995,0.87159,0.45633,0.54905,0.38303,0.7769,0,0.000350284,0.000350284,0.000350284
63,2246.36,0.45927,0.64105,0.39663,0.79043,0,0.99631,1,0.995,0.90004,0.99631,1,0.995,0.88859,0.47122,0.52792,0.38013,0.77928,0,0.0003326,0.0003326,0.0003326
64,2278.29,0.4577,0.62279,0.3959,0.78458,0,0.9955,1,0.995,0.90262,0.9955,1,0.995,0.87043,0.45454,0.53721,0.37498,0.77709,0,0.000314916,0.000314916,0.000314916
65,2310.45,0.4703,0.61563,0.40187,0.79632,0,0.99694,1,0.995,0.90194,0.99694,1,0.995,0.87415,0.46067,0.5252,0.37458,0.77573,0,0.000297232,0.000297232,0.000297232
66,2342.16,0.47459,0.6667,0.40934,0.78858,0,0.99743,1,0.995,0.89795,0.99743,1,0.995,0.87444,0.47498,0.54246,0.37409,0.77598,0,0.000279548,0.000279548,0.000279548
67,2374.92,0.45556,0.65221,0.40291,0.79388,0,0.99803,1,0.995,0.89952,0.99803,1,0.995,0.86623,0.48568,0.56579,0.37898,0.77699,0,0.000261864,0.000261864,0.000261864
68,2407.83,0.43666,0.5969,0.39681,0.79249,0,0.99802,1,0.995,0.91203,0.99802,1,0.995,0.86121,0.43218,0.53599,0.36535,0.77485,0,0.00024418,0.00024418,0.00024418
69,2440.24,0.44598,0.59843,0.3952,0.79434,0,0.99801,1,0.995,0.91777,0.99801,1,0.995,0.86814,0.41466,0.51974,0.35499,0.7744,0,0.000226497,0.000226497,0.000226497
70,2472.02,0.46509,0.63365,0.40094,0.79417,0,0.9977,1,0.995,0.91272,0.9977,1,0.995,0.87326,0.42115,0.53808,0.35478,0.7743,0,0.000208813,0.000208813,0.000208813
71,2503.02,0.4141,0.53799,0.39459,0.78171,0,0.99784,1,0.995,0.91284,0.99784,1,0.995,0.86659,0.42103,0.58873,0.35739,0.77396,0,0.000191129,0.000191129,0.000191129
72,2534.87,0.39647,0.58092,0.38146,0.77537,0,0.99814,1,0.995,0.91352,0.99814,1,0.995,0.8726,0.41769,0.57376,0.35114,0.77403,0,0.000173445,0.000173445,0.000173445
73,2565.96,0.41399,0.56177,0.38555,0.78581,0,0.99732,1,0.995,0.90764,0.99732,1,0.995,0.8871,0.43456,0.54424,0.35335,0.77509,0,0.000155761,0.000155761,0.000155761
74,2597.13,0.38425,0.54122,0.36886,0.78072,0,0.99717,1,0.995,0.91162,0.99717,1,0.995,0.88401,0.43008,0.54505,0.35393,0.77476,0,0.000138077,0.000138077,0.000138077
75,2628.99,0.39551,0.58901,0.37612,0.76888,0,0.99677,1,0.995,0.917,0.99677,1,0.995,0.8814,0.42906,0.54062,0.3519,0.77397,0,0.000120393,0.000120393,0.000120393
76,2656.06,0.37756,0.55272,0.36609,0.77878,0,0.99597,1,0.995,0.91461,0.99597,1,0.995,0.87751,0.42313,0.51677,0.34654,0.77364,0,0.000102709,0.000102709,0.000102709
77,2687.38,0.3916,0.5339,0.37271,0.77753,0,0.99553,1,0.995,0.91274,0.99553,1,0.995,0.88008,0.42355,0.51468,0.35557,0.7734,0,8.50255e-05,8.50255e-05,8.50255e-05
78,2716.02,0.40043,0.57289,0.38143,0.77343,0,0.99537,1,0.995,0.91196,0.99537,1,0.995,0.88066,0.42553,0.51935,0.35546,0.77331,0,6.73416e-05,6.73416e-05,6.73416e-05
79,2740.25,0.37194,0.53388,0.3608,0.77668,0,0.99513,1,0.995,0.91395,0.99513,1,0.995,0.8787,0.42827,0.52347,0.35214,0.77328,0,4.96578e-05,4.96578e-05,4.96578e-05
80,2772.93,0.37917,0.56962,0.36128,0.78056,0,0.99486,1,0.995,0.91815,0.99486,1,0.995,0.87789,0.42519,0.52147,0.34893,0.77307,0,3.19739e-05,3.19739e-05,3.19739e-05
